open_timestamp_utc,close_timestamp_utc,open,high,low,close,volume
1513123200,1513209599,272.00000000,330.00000000,260.00000000,290.01000000,9565.16019000
1513209600,1513295999,290.01000000,302.72000000,252.00000000,272.40000000,9631.98382000
1513296000,1513382399,272.40000000,314.21000000,239.99000000,294.00000000,16579.78235000
1513382400,1513468799,294.00000000,305.00000000,285.00000000,293.97000000,9102.10005000
1513468800,1513555199,293.01000000,328.80000000,290.00000000,311.40000000,14682.26118000
1513555200,1513641599,311.23000000,360.96000000,277.00000000,352.00000000,17210.06137000
1513641600,1513727999,352.00000000,366.96000000,303.01000000,338.48000000,23190.32542000
1513728000,1513814399,336.05000000,357.00000000,260.00000000,302.70000000,31586.76711000
1513814400,1513900799,303.80000000,325.16000000,267.01000000,302.00000000,26212.15830000
1513900800,1513987199,303.00000000,315.00000000,177.58000000,250.99000000,81233.42425000
1513987200,1514073599,250.99000000,301.52000000,214.91000000,253.44000000,38709.14008000
1514073600,1514159999,253.44000000,277.00000000,220.03000000,262.90000000,33435.37202000
1514160000,1514246399,262.90000000,277.50000000,251.40000000,261.20000000,24415.69170000
1514246400,1514332799,261.17000000,282.82000000,258.00000000,277.98000000,21987.89021000
1514332800,1514419199,277.98000000,284.34000000,245.29000000,262.59000000,25036.78582000
1514419200,1514505599,262.61000000,266.70000000,222.03000000,244.68000000,34832.27138000
1514505600,1514591999,244.68000000,261.00000000,233.97000000,238.27000000,34985.03167000
1514592000,1514678399,238.27000000,244.00000000,193.20000000,206.03000000,52930.17820000
1514678400,1514764799,206.11000000,234.37000000,202.98000000,223.69000000,29739.10081000
1514764800,1514851199,223.69000000,231.19000000,212.74000000,222.61000000,20221.25300000
1514851200,1514937599,222.62000000,256.49000000,222.62000000,247.33000000,63293.12934000
1514937600,1515023999,247.33000000,253.40000000,233.56000000,238.77000000,71369.27484000
1515024000,1515110399,238.89000000,240.00000000,219.38000000,233.00000000,78182.30493000
1515110400,1515196799,233.04000000,250.99000000,230.00000000,240.54000000,65010.14465000
1515196800,1515283199,240.95000000,315.00000000,238.73000000,275.28000000,100812.21370000
1515283200,1515369599,276.24000000,287.00000000,262.00000000,269.01000000,43811.61108000
1515369600,1515455999,269.01000000,271.82000000,212.74000000,252.65000000,76256.97086000
1515456000,1515542399,252.49000000,257.64000000,228.24000000,244.48000000,53921.90417000
1515542400,1515628799,244.56000000,248.99000000,225.05000000,247.63000000,70931.30085000
1515628800,1515715199,247.63000000,252.27000000,195.03000000,223.77000000,83842.47294000
1515715200,1515801599,223.76000000,240.45000000,213.01000000,233.11000000,45676.80703000
1515801600,1515887999,233.11000000,263.99000000,232.54000000,257.98000000,42811.12858000
1515888000,1515974399,257.98000000,271.64000000,222.00000000,234.12000000,62203.40257000
1515974400,1516060799,234.26000000,242.31000000,227.60000000,229.50000000,35755.94861000
1516060800,1516147199,229.50000000,242.00000000,135.67000000,179.28000000,150044.07322000
1516147200,1516233599,179.28000000,198.89000000,136.20000000,182.44000000,155640.00921000
1516233600,1516319999,183.45000000,202.19000000,170.50000000,186.14000000,98372.75595000
1516320000,1516406399,186.21000000,199.00000000,176.04000000,191.42000000,59369.45319000
1516406400,1516492799,191.44000000,215.00000000,190.67000000,210.40000000,59162.64755000
1516492800,1516579199,210.05000000,210.69000000,180.00000000,190.16000000,64817.00761000
1516579200,1516665599,190.52000000,195.00000000,163.44000000,178.00000000,60376.36050000
1516665600,1516751999,178.00000000,186.42000000,163.02000000,176.98000000,49510.38638000
1516752000,1516838399,176.94000000,186.30000000,171.58000000,180.89000000,43298.49800000
1516838400,1516924799,180.83000000,186.00000000,175.58000000,179.59000000,39819.99079000
1516924800,1517011199,179.00000000,183.06000000,165.00000000,177.09000000,49473.65655000
1517011200,1517097599,175.73000000,184.00000000,173.00000000,182.10000000,31424.87310000
1517097600,1517183999,182.11000000,198.00000000,181.70000000,196.74000000,47275.56346000
1517184000,1517270399,196.74000000,197.19000000,180.01000000,181.50000000,36900.24385000
1517270400,1517356799,181.51000000,181.96000000,160.59000000,168.21000000,56599.48048000
1517356800,1517443199,168.10000000,169.31000000,157.50000000,165.19000000,37253.63137000
1517443200,1517529599,164.83000000,167.20000000,132.00000000,143.69000000,64818.91744000
1517529600,1517615999,144.04000000,147.00000000,108.52000000,131.68000000,124193.03592000
1517616000,1517702399,131.99000000,166.99000000,120.06000000,160.30000000,143242.70975000
1517702400,1517788799,160.86000000,174.75000000,138.00000000,147.09000000,300059.19271000
1517788800,1517875199,147.29000000,153.96000000,116.60000000,125.17000000,299970.42074000
1517875200,1517961599,125.17000000,147.00000000,106.50000000,141.00000000,393108.74790000
1517961600,1518047999,140.96000000,157.00000000,130.01000000,137.21000000,178588.57054000
1518048000,1518134399,137.97000000,143.50000000,137.20000000,142.37000000,3877.47235000
1518134400,1518220799,142.37000000,164.40000000,142.37000000,163.73000000,65205.08736000
1518220800,1518307199,163.74000000,169.00000000,146.01000000,154.65000000,133107.16189000
1518307200,1518393599,154.62000000,156.10000000,139.00000000,148.28000000,90638.82249000
1518393600,1518479999,148.28000000,163.75000000,146.04000000,161.49000000,92515.29686000
1518480000,1518566399,161.55000000,162.95000000,152.00000000,159.63000000,76565.21628000
1518566400,1518652799,159.45000000,218.60000000,158.94000000,212.25000000,734010.65110000
1518652800,1518739199,212.25000000,236.66000000,206.50000000,220.64000000,676400.69461000
1518739200,1518825599,220.64000000,235.58000000,208.56000000,228.08000000,408040.45123000
1518825600,1518911999,228.00000000,232.20000000,222.78000000,228.00000000,190064.55131000
1518912000,1518998399,228.08000000,231.39000000,210.10000000,213.66000000,302164.90588000
1518998400,1519084799,213.23000000,226.50000000,196.00000000,221.44000000,171716.19683000
1519084800,1519171199,221.44000000,254.80000000,221.00000000,228.51000000,534334.84146000
1519171200,1519257599,228.50000000,233.53000000,203.12000000,209.60000000,493443.00002000
1519257600,1519343999,209.60000000,222.00000000,188.00000000,192.61000000,396496.54890000
1519344000,1519430399,192.69000000,216.28000000,182.00000000,206.40000000,427034.15419000
1519430400,1519516799,206.38000000,219.00000000,192.30000000,206.50000000,326443.09261000
1519516800,1519603199,206.69000000,223.17000000,198.94000000,217.78000000,314689.26189000
1519603200,1519689599,218.16000000,232.30000000,214.43000000,218.50000000,408480.12476000
1519689600,1519775999,218.25000000,224.36000000,211.80000000,214.60000000,248945.78729000
1519776000,1519862399,214.94000000,223.71000000,201.50000000,201.86000000,185588.08799000
1519862400,1519948799,201.86000000,215.00000000,200.20000000,209.17000000,121521.21293000
1519948800,1520035199,209.14000000,214.47000000,203.43000000,212.80000000,89853.18198000
1520035200,1520121599,212.80000000,218.39000000,208.00000000,210.04000000,120120.98049000
1520121600,1520207999,210.00000000,215.34000000,204.50000000,213.19000000,67079.93530000
1520208000,1520294399,213.19000000,217.00000000,208.17000000,210.14000000,71680.40092000
1520294400,1520380799,210.03000000,210.49000000,191.31000000,196.24000000,130006.53725000
1520380800,1520467199,196.20000000,199.28000000,173.08000000,185.25000000,229372.21016000
1520467200,1520553599,185.33000000,187.50000000,173.69000000,175.24000000,160132.53652000
1520553600,1520639999,175.06000000,190.00000000,157.68000000,185.79000000,308773.92425000
1520640000,1520726399,185.88000000,194.99000000,174.48000000,176.74000000,187043.85418000
1520726400,1520812799,176.85000000,194.00000000,169.85000000,188.16000000,197705.66569000
1520812800,1520899199,188.16000000,192.88000000,173.58000000,177.80000000,142835.10745000
1520899200,1520985599,177.80000000,182.90000000,170.51000000,175.01000000,115964.95615000
1520985600,1521071999,175.38000000,177.52000000,156.50000000,160.15000000,151320.17882000
1521072000,1521158399,160.00000000,167.70000000,149.55000000,164.00000000,207428.04449000
1521158400,1521244799,164.00000000,171.60000000,157.50000000,164.10000000,113818.45328000
1521244800,1521331199,164.12000000,165.96000000,150.20000000,151.75000000,105128.93202000
1521331200,1521417599,151.70000000,158.00000000,136.86000000,153.50000000,241693.69755000
1521417600,1521503999,153.59000000,163.88000000,150.66000000,161.20000000,171855.32008000
1521504000,1521590399,161.18000000,174.00000000,155.41000000,168.24000000,125783.56494000
1521590400,1521676799,168.50000000,175.88000000,165.22000000,168.54000000,110902.81246000
1521676800,1521763199,168.43000000,172.64000000,159.51000000,163.65000000,100604.62741000
1521763200,1521849599,163.65000000,169.50000000,156.13000000,168.66000000,80739.90111000
1521849600,1521935999,168.97000000,169.74000000,157.73000000,158.92000000,73773.75243000
1521936000,1522022399,158.81000000,162.89000000,156.75000000,160.01000000,46203.18669000
1522022400,1522108799,160.00000000,161.06000000,141.56000000,147.83000000,99508.29226000
1522108800,1522195199,147.71000000,149.34000000,134.40000000,135.00000000,103463.38910000
1522195200,1522281599,135.00000000,139.75000000,130.10000000,131.22000000,83839.85944000
1522281600,1522367999,131.31000000,132.60000000,112.51000000,114.70000000,187392.76989000
1522368000,1522454399,114.55000000,126.45000000,109.77000000,118.35000000,252079.14240000
1522454400,1522540799,118.10000000,124.28000000,115.26000000,116.05000000,128237.78840000
1522540800,1522627199,116.05000000,118.38000000,109.03000000,114.74000000,113209.88408000
1522627200,1522713599,114.97000000,121.71000000,113.54000000,119.05000000,91168.44423000
1522713600,1522799999,119.03000000,137.25000000,118.00000000,134.04000000,139283.42730000
1522800000,1522886399,133.82000000,134.77000000,115.20000000,118.07000000,168974.97950000
1522886400,1522972799,118.01000000,122.50000000,113.63000000,118.26000000,125611.59831000
1522972800,1523059199,118.41000000,120.15000000,111.31000000,112.79000000,83137.97172000
1523059200,1523145599,112.70000000,119.72000000,112.19000000,115.80000000,73178.28817000
1523145600,1523231999,115.80000000,118.49000000,115.34000000,117.55000000,42540.37579000
1523232000,1523318399,117.80000000,122.99000000,112.48000000,114.79000000,98639.79044000
1523318400,1523404799,114.62000000,115.26000000,111.25000000,114.25000000,54554.53212000
1523404800,1523491199,114.25000000,119.59000000,112.92000000,118.40000000,62636.41007000
1523491200,1523577599,118.40000000,130.90000000,112.92000000,129.67000000,232191.22828000
1523577600,1523663999,129.62000000,133.98000000,123.55000000,125.10000000,187842.62140000
1523664000,1523750399,125.28000000,129.71000000,124.00000000,126.40000000,77108.42942000
1523750400,1523836799,126.40000000,132.99000000,126.40000000,132.45000000,61105.32594000
1523836800,1523923199,132.45000000,133.49000000,124.88000000,128.96000000,86544.75050000
1523923200,1524009599,128.76000000,140.50000000,128.73000000,132.09000000,165601.88021000
1524009600,1524095999,132.10000000,141.43000000,131.50000000,140.36000000,100942.78845000
1524096000,1524182399,140.36000000,147.48000000,138.51000000,146.71000000,97431.94319000
1524182400,1524268799,146.50000000,156.49000000,142.62000000,155.71000000,139102.83366000
1524268800,1524355199,155.50000000,156.94000000,139.80000000,148.40000000,150940.43752000
1524355200,1524441599,148.38000000,153.14000000,144.26000000,146.38000000,84286.79520000
1524441600,1524527999,146.38000000,153.67000000,145.80000000,152.56000000,73891.75771000
1524528000,1524614399,152.57000000,166.29000000,152.44000000,164.78000000,172718.06809000
1524614400,1524700799,164.23000000,164.79000000,141.85000000,144.75000000,192757.19523000
1524700800,1524787199,144.74000000,154.84000000,142.00000000,153.19000000,98478.86456000
1524787200,1524873599,153.19000000,153.80000000,144.44000000,144.90000000,95174.33853000
1524873600,1524959999,145.66000000,153.74000000,144.49000000,152.10000000,80642.67696000
1524960000,1525046399,151.89000000,156.87000000,148.00000000,153.50000000,93443.53020000
1525046400,1525132799,153.51000000,154.90000000,147.00000000,148.37000000,92445.57179000
1525132800,1525219199,148.36000000,148.89000000,142.44000000,148.29000000,88367.51511000
1525219200,1525305599,148.28000000,153.76000000,146.21000000,151.58000000,76486.25106000
1525305600,1525391999,151.58000000,165.04000000,150.00000000,161.38000000,190732.67746000
1525392000,1525478399,161.17000000,172.10000000,157.10000000,169.44000000,175174.34128000
1525478400,1525564799,169.20000000,184.67000000,168.13000000,179.04000000,226947.81755000
1525564800,1525651199,178.86000000,184.98000000,164.80000000,172.32000000,198191.57381000
1525651200,1525737599,172.10000000,172.81000000,157.30000000,164.59000000,170523.83579000
1525737600,1525823999,164.52000000,168.66000000,155.05000000,158.89000000,113315.93625000
1525824000,1525910399,159.00000000,160.32000000,150.00000000,156.72000000,96837.57036000
1525910400,1525996799,156.75000000,160.90000000,147.22000000,148.16000000,87015.41914000
1525996800,1526083199,148.11000000,148.50000000,132.97000000,136.32000000,147425.60375000
1526083200,1526169599,136.32000000,144.47000000,130.32000000,141.57000000,91975.31387000
1526169600,1526255999,141.43000000,146.89000000,136.10000000,144.24000000,89476.86723000
1526256000,1526342399,144.19000000,152.95000000,134.19000000,147.42000000,171489.17098000
1526342400,1526428799,147.10000000,149.67000000,136.91000000,139.35000000,105112.90271000
1526428800,1526515199,139.34000000,140.86000000,133.50000000,138.92000000,70852.18798000
1526515200,1526601599,138.91000000,141.50000000,131.00000000,132.31000000,58209.58480000
1526601600,1526687999,132.07000000,137.49000000,128.00000000,135.95000000,66556.79304000
1526688000,1526774399,135.95000000,137.77000000,132.60000000,134.95000000,37830.56861000
1526774400,1526860799,134.89000000,141.00000000,132.50000000,139.64000000,47003.82267000
1526860800,1526947199,139.63000000,140.25000000,133.43000000,134.25000000,43516.21890000
1526947200,1527033599,134.25000000,136.25000000,127.31000000,127.89000000,41745.53907000
1527033600,1527119999,127.90000000,129.35000000,115.83000000,118.37000000,107080.51483000
1527120000,1527206399,118.29000000,124.85000000,114.70000000,122.58000000,79220.48706000
1527206400,1527292799,122.65000000,124.58000000,116.63000000,118.87000000,98242.40331000
1527292800,1527379199,118.78000000,122.46000000,117.18000000,118.45000000,121594.26960000
1527379200,1527465599,118.35000000,119.00000000,116.58000000,117.71000000,119072.15578000
1527465600,1527551999,117.72000000,118.97000000,110.00000000,110.82000000,75142.06687000
1527552000,1527638399,110.66000000,122.71000000,109.41000000,119.28000000,70835.89135000
1527638400,1527724799,119.52000000,122.73000000,114.69000000,117.18000000,47541.06432000
1527724800,1527811199,117.18000000,121.01000000,116.04000000,118.25000000,55831.28616000
1527811200,1527897599,118.25000000,120.40000000,116.62000000,120.19000000,51605.41534000
1527897600,1527983999,120.19000000,124.50000000,118.66000000,123.44000000,45059.33298000
1527984000,1528070399,123.44000000,127.98000000,122.23000000,125.33000000,52884.48398000
1528070400,1528156799,125.07000000,127.01000000,118.00000000,119.77000000,59686.24550000
1528156800,1528243199,119.77000000,122.60000000,115.77000000,122.18000000,48879.62750000
1528243200,1528329599,122.20000000,122.94000000,118.00000000,121.61000000,36817.66091000
1528329600,1528415999,121.63000000,123.84000000,119.40000000,121.54000000,39573.29608000
1528416000,1528502399,121.56000000,122.18000000,118.04000000,119.68000000,28982.19754000
1528502400,1528588799,119.90000000,120.93000000,116.70000000,117.40000000,17060.66336000
1528588800,1528675199,117.25000000,117.47000000,102.75000000,106.48000000,88683.19352000
1528675200,1528761599,106.50000000,108.42000000,102.70000000,107.20000000,56836.22735000
1528761600,1528847999,107.20000000,107.86000000,94.05000000,99.68000000,73444.59887000
1528848000,1528934399,99.68000000,100.45000000,86.71000000,93.37000000,168148.05693000
1528934400,1529020799,93.40000000,102.87000000,91.65000000,100.88000000,177889.85806000
1529020800,1529107199,100.89000000,100.98000000,94.49000000,95.50000000,155895.24619000
1529107200,1529193599,95.50000000,97.58000000,92.68000000,96.66000000,130013.99526000
1529193600,1529279999,96.65000000,98.20000000,94.51000000,94.95000000,119733.09263000
1529280000,1529366399,94.95000000,99.88000000,92.89000000,98.70000000,161804.46253000
1529366400,1529452799,98.79000000,120.00000000,96.91000000,98.67000000,130065.51125000
1529452800,1529539199,98.67000000,99.13000000,95.21000000,97.72000000,141985.64173000
1529539200,1529625599,97.72000000,99.30000000,96.00000000,96.72000000,137564.82500000
1529625600,1529711999,96.74000000,96.87000000,80.02000000,84.80000000,232108.91398000
1529712000,1529798399,84.75000000,86.77000000,81.31000000,82.73000000,165849.75562000
1529798400,1529884799,82.76000000,83.63000000,73.22000000,80.37000000,250304.81918000
1529884800,1529971199,80.46000000,84.38000000,78.55000000,81.48000000,164736.37327000
1529971200,1530057599,81.48000000,81.99000000,75.00000000,75.54000000,118123.18034000
1530057600,1530143999,75.63000000,81.75000000,74.87000000,80.60000000,139175.33409000
1530144000,1530230399,80.71000000,81.43000000,73.89000000,74.05000000,179829.06566000
1530230400,1530316799,74.24000000,80.79000000,72.15000000,78.94000000,182184.86448000
1530316800,1530403199,78.94000000,84.59000000,78.84000000,81.33000000,170407.29923000
1530403200,1530489599,81.34000000,81.83000000,77.73000000,79.95000000,145195.40481000
1530489600,1530575999,79.96000000,87.06000000,78.11000000,85.36000000,171028.13169000
1530576000,1530662399,85.36000000,90.00000000,83.64000000,85.09000000,192538.98749000
1530662400,1530748799,84.87000000,89.01000000,83.98000000,85.28000000,119209.87857000
1530748800,1530835199,85.23000000,87.11000000,81.77000000,83.33000000,170561.63319000
1530835200,1530921599,83.26000000,84.23000000,80.67000000,83.10000000,156241.98721000
1530921600,1531007999,83.10000000,85.35000000,79.40000000,84.79000000,161497.86946000
1531008000,1531094399,84.88000000,85.70000000,81.81000000,82.22000000,151162.89899000
1531094400,1531180799,82.26000000,83.12000000,79.80000000,80.46000000,164942.79095000
1531180800,1531267199,80.58000000,80.62000000,74.25000000,75.81000000,211707.97169000
1531267200,1531353599,75.79000000,80.98000000,75.31000000,78.18000000,192182.00671000
1531353600,1531439999,78.18000000,78.25000000,74.00000000,76.79000000,181966.74235000
1531440000,1531526399,76.82000000,78.60000000,74.96000000,76.53000000,167655.26932000
1531526400,1531612799,76.52000000,77.50000000,75.37000000,76.18000000,142798.45441000
1531612800,1531699199,76.19000000,79.50000000,75.10000000,78.54000000,149955.80081000
1531699200,1531785599,78.54000000,84.28000000,77.60000000,83.49000000,182917.22074000
1531785600,1531871999,83.65000000,90.00000000,81.30000000,89.06000000,204689.47756000
1531872000,1531958399,88.99000000,94.41000000,84.20000000,86.21000000,207474.92801000
1531958400,1532044799,86.26000000,89.00000000,84.80000000,86.00000000,154334.95177000
1532044800,1532131199,86.10000000,86.69000000,80.72000000,81.87000000,172067.63126000
1532131200,1532217599,81.84000000,84.93000000,79.50000000,83.44000000,134142.44869000
1532217600,1532303999,83.42000000,84.20000000,81.78000000,82.21000000,137457.81650000
1532304000,1532390399,82.20000000,85.96000000,81.10000000,81.38000000,143669.03549000
1532390400,1532476799,81.43000000,89.79000000,80.79000000,89.12000000,207891.17573000
1532476800,1532563199,89.02000000,90.75000000,84.81000000,86.38000000,164176.79921000
1532563200,1532649599,86.38000000,87.90000000,82.75000000,83.37000000,151787.84520000
1532649600,1532735999,83.51000000,85.12000000,81.37000000,84.39000000,158734.44422000
1532736000,1532822399,84.39000000,84.70000000,82.26000000,84.07000000,124974.46990000
1532822400,1532908799,84.10000000,85.38000000,83.22000000,83.85000000,119512.75440000
1532908800,1532995199,83.89000000,84.62000000,79.76000000,82.18000000,146947.05011000
1532995200,1533081599,82.16000000,82.63000000,76.02000000,78.69000000,157911.80410000
1533081600,1533167999,78.91000000,79.06000000,75.78000000,77.53000000,139634.79769000
1533168000,1533254399,77.62000000,78.46000000,75.33000000,76.11000000,134458.49970000
1533254400,1533340799,76.16000000,77.84000000,74.66000000,77.70000000,141502.89870000
1533340800,1533427199,77.63000000,78.15000000,72.10000000,73.13000000,148949.16457000
1533427200,1533513599,73.06000000,74.73000000,72.23000000,74.61000000,133945.84351000
1533513600,1533599999,74.60000000,76.70000000,72.35000000,73.62000000,137607.07273000
1533600000,1533686399,73.67000000,75.24000000,66.58000000,67.35000000,164019.46827000
1533686400,1533772799,67.32000000,67.49000000,60.80000000,62.13000000,185720.38797000
1533772800,1533859199,62.13000000,64.94000000,60.00000000,62.89000000,179209.22762000
1533859200,1533945599,62.84000000,63.14000000,58.12000000,59.16000000,181493.85537000
1533945600,1534031999,59.16000000,59.98000000,55.00000000,57.60000000,195460.35141000
1534032000,1534118399,57.73000000,61.55000000,57.02000000,59.32000000,173455.18347000
1534118400,1534204799,59.21000000,60.61000000,55.52000000,56.44000000,192384.17619000
1534204800,1534291199,56.50000000,56.50000000,49.20000000,54.24000000,230722.82945000
1534291200,1534377599,54.26000000,59.20000000,53.70000000,54.32000000,232565.44512000
1534377600,1534463999,54.32000000,57.58000000,54.06000000,55.29000000,153625.58485000
1534464000,1534550399,55.32000000,61.89000000,54.99000000,61.75000000,230326.37031000
1534550400,1534636799,61.79000000,62.31000000,55.12000000,57.04000000,205917.54266000
1534636800,1534723199,57.04000000,58.98000000,56.10000000,57.67000000,183235.72610000
1534723200,1534809599,57.79000000,58.50000000,53.18000000,53.39000000,220297.28735000
1534809600,1534895999,53.39000000,56.82000000,53.21000000,56.42000000,176189.09409000
1534896000,1534982399,56.43000000,59.75000000,53.82000000,55.14000000,243024.91246000
1534982400,1535068799,55.15000000,57.89000000,54.80000000,57.29000000,168194.87364000
1535068800,1535155199,57.30000000,58.36000000,55.50000000,57.82000000,162850.08326000
1535155200,1535241599,57.88000000,58.38000000,56.93000000,57.89000000,141200.40986000
1535241600,1535327999,57.88000000,58.08000000,55.74000000,56.99000000,149004.51461000
1535328000,1535414399,57.05000000,61.17000000,56.52000000,60.61000000,173547.49618000
1535414400,1535500799,60.69000000,63.74000000,59.65000000,63.13000000,213926.35247000
1535500800,1535587199,63.12000000,63.40000000,60.14000000,61.41000000,185484.94761000
1535587200,1535673599,61.52000000,61.65000000,58.55000000,60.23000000,179589.13646000
1535673600,1535759999,60.13000000,62.75000000,59.55000000,62.04000000,176396.73591000
1535760000,1535846399,62.04000000,67.93000000,61.97000000,66.49000000,210232.08113000
1535846400,1535932799,66.45000000,67.30000000,64.15000000,66.21000000,180336.18966000
1535932800,1536019199,66.21000000,66.55000000,64.21000000,65.44000000,162189.69577000
1536019200,1536105599,65.50000000,69.45000000,65.36000000,67.60000000,220730.47010000
1536105600,1536191999,67.63000000,68.36000000,57.61000000,57.82000000,331321.57394000
1536192000,1536278399,57.71000000,57.89000000,53.96000000,57.61000000,251529.33699000
1536278400,1536364799,57.61000000,58.53000000,55.00000000,55.66000000,193929.61889000
1536364800,1536451199,55.63000000,57.22000000,51.87000000,53.07000000,187659.63017000
1536451200,1536537599,53.09000000,56.72000000,52.20000000,54.74000000,208940.08803000
1536537600,1536623999,54.79000000,56.59000000,53.03000000,54.34000000,226840.05414000
1536624000,1536710399,54.34000000,54.75000000,49.74000000,52.04000000,239830.95074000
1536710400,1536796799,52.01000000,52.14000000,47.21000000,51.69000000,276375.64336000
1536796800,1536883199,51.69000000,55.49000000,51.66000000,54.44000000,232884.22924000
1536883200,1536969599,54.49000000,59.00000000,52.83000000,56.24000000,279002.97525000
1536969600,1537055999,56.21000000,58.73000000,55.61000000,56.22000000,236098.10118000
1537056000,1537142399,56.22000000,57.55000000,54.35000000,56.75000000,193175.78497000
1537142400,1537228799,56.75000000,57.85000000,51.37000000,52.07000000,256476.30399000
1537228800,1537315199,52.06000000,55.52000000,50.41000000,53.96000000,224751.43030000
1537315200,1537401599,53.93000000,55.28000000,51.62000000,54.27000000,228844.25202000
1537401600,1537487999,54.33000000,57.42000000,53.28000000,56.53000000,194009.04757000
1537488000,1537574399,56.52000000,62.73000000,56.33000000,60.83000000,323523.44211000
1537574400,1537660799,60.82000000,61.90000000,58.00000000,60.65000000,210861.69481000
1537660800,1537747199,60.58000000,63.82000000,59.86000000,61.38000000,244808.34389000
1537747200,1537833599,61.36000000,61.56000000,57.02000000,58.01000000,231626.38896000
1537833600,1537919999,58.03000000,58.16000000,54.25000000,57.61000000,279946.32153000
1537920000,1538006399,57.57000000,59.85000000,56.40000000,57.18000000,226177.44005000
1538006400,1538092799,57.25000000,65.67000000,56.58000000,63.28000000,496070.90060000
1538092800,1538179199,63.25000000,65.00000000,60.14000000,61.95000000,306042.00886000
1538179200,1538265599,61.95000000,62.34000000,58.95000000,61.61000000,206352.47293000
1538265600,1538351999,61.61000000,63.00000000,59.81000000,61.21000000,224746.26092000
1538352000,1538438399,61.19000000,62.09000000,59.51000000,60.45000000,189136.61486000
1538438400,1538524799,60.47000000,61.80000000,59.02000000,59.46000000,190207.92017000
1538524800,1538611199,59.42000000,59.66000000,56.67000000,57.56000000,199293.42312000
1538611200,1538697599,57.60000000,59.40000000,57.39000000,58.42000000,164171.36993000
1538697600,1538783999,58.43000000,59.85000000,57.65000000,58.93000000,152016.10897000
1538784000,1538870399,58.88000000,59.17000000,56.92000000,57.96000000,146487.74108000
1538870400,1538956799,57.98000000,58.64000000,56.88000000,58.33000000,137742.58904000
1538956800,1539043199,58.32000000,60.26000000,57.63000000,59.66000000,178247.28353000
1539043200,1539129599,59.65000000,59.84000000,58.29000000,59.03000000,156778.85225000
1539129600,1539215999,59.02000000,59.18000000,57.37000000,58.46000000,156144.05481000
1539216000,1539302399,58.43000000,58.66000000,50.62000000,51.36000000,269784.69405000
1539302400,1539388799,51.31000000,54.26000000,50.87000000,53.74000000,204719.86413000
1539388800,1539475199,53.70000000,54.88000000,53.20000000,54.05000000,162360.69862000
1539475200,1539561599,54.06000000,54.44000000,52.11000000,52.61000000,173244.35474000
1539561600,1539647999,52.61000000,61.86000000,52.17000000,56.16000000,380967.73216000
1539648000,1539734399,56.15000000,57.34000000,54.71000000,55.54000000,178767.67022000
1539734400,1539820799,55.54000000,55.72000000,54.32000000,55.27000000,189501.34735000
1539820800,1539907199,55.31000000,55.85000000,53.00000000,53.53000000,163778.72064000
1539907200,1539993599,53.53000000,54.74000000,53.31000000,53.71000000,131153.05917000
1539993600,1540079999,53.68000000,54.65000000,53.28000000,54.28000000,134248.62479000
1540080000,1540166399,54.27000000,54.90000000,53.44000000,53.61000000,139868.39748000
1540166400,1540252799,53.62000000,54.16000000,52.67000000,53.12000000,113096.19471000
1540252800,1540339199,53.12000000,53.97000000,52.53000000,53.33000000,56502.94760000
1540339200,1540425599,53.34000000,53.92000000,53.00000000,53.11000000,50279.98528000
1540425600,1540511999,53.12000000,53.27000000,52.52000000,52.84000000,43215.95472000
1540512000,1540598399,52.81000000,53.55000000,52.23000000,52.56000000,49669.65386000
1540598400,1540684799,52.60000000,53.08000000,51.72000000,52.25000000,39585.13085000
1540684800,1540771199,52.25000000,52.66000000,51.70000000,52.07000000,35288.39702000
1540771200,1540857599,52.10000000,52.26000000,48.17000000,49.21000000,93056.55633000
1540857600,1540943999,49.16000000,49.96000000,49.02000000,49.34000000,41869.78433000
1540944000,1541030399,49.35000000,50.71000000,47.71000000,49.93000000,59069.93640000
1541030400,1541116799,49.94000000,50.85000000,49.78000000,50.61000000,40743.54904000
1541116800,1541203199,50.63000000,52.20000000,50.56000000,51.78000000,55439.54227000
1541203200,1541289599,51.78000000,51.81000000,50.60000000,51.04000000,44526.44126000
1541289600,1541375999,51.09000000,56.33000000,50.77000000,54.60000000,131563.21910000
1541376000,1541462399,54.60000000,55.15000000,53.01000000,53.91000000,71425.68187000
1541462400,1541548799,53.93000000,56.88000000,53.87000000,56.48000000,82733.19375000
1541548800,1541635199,56.44000000,56.92000000,53.52000000,54.47000000,96697.10571000
1541635200,1541721599,54.49000000,55.12000000,52.42000000,52.72000000,71785.25117000
1541721600,1541807999,52.70000000,53.15000000,51.62000000,52.25000000,54807.00008000
1541808000,1541894399,52.28000000,53.08000000,51.97000000,52.48000000,37947.99062000
1541894400,1541980799,52.47000000,52.57000000,49.79000000,51.46000000,66550.49463000
1541980800,1542067199,51.50000000,52.04000000,50.59000000,51.26000000,60038.96458000
1542067200,1542153599,51.26000000,51.66000000,49.60000000,50.43000000,63966.88343000
1542153600,1542239999,50.41000000,51.08000000,42.00000000,45.05000000,307943.67228000
1542240000,1542326399,45.05000000,45.80000000,40.40000000,44.78000000,239147.14363000
1542326400,1542412799,44.78000000,44.95000000,42.38000000,42.89000000,126959.93430000
1542412800,1542499199,42.89000000,42.94000000,41.92000000,42.43000000,64923.26975000
1542499200,1542585599,42.46000000,43.84000000,42.11000000,42.61000000,69727.51818000
1542585600,1542671999,42.63000000,42.65000000,35.94000000,37.07000000,266627.81810000
1542672000,1542758399,37.11000000,38.80000000,31.47000000,33.80000000,481972.20552000
1542758400,1542844799,33.71000000,35.38000000,32.17000000,35.15000000,307689.28614000
1542844800,1542931199,35.17000000,35.68000000,31.84000000,32.11000000,140470.92969000
1542931200,1543017599,32.09000000,33.81000000,31.10000000,32.74000000,178263.37599000
1543017600,1543103999,32.74000000,34.30000000,29.07000000,29.73000000,175080.65021000
1543104000,1543190399,29.72000000,32.93000000,27.70000000,31.49000000,330712.41278000
1543190400,1543276799,31.51000000,32.88000000,28.66000000,30.18000000,346086.77239000
1543276800,1543363199,30.18000000,32.16000000,29.05000000,31.61000000,194024.53090000
1543363200,1543449599,31.62000000,36.51000000,31.39000000,34.74000000,261988.56211000
1543449600,1543535999,34.74000000,36.00000000,33.08000000,33.88000000,206424.03941000
1543536000,1543622399,33.90000000,34.53000000,31.07000000,32.21000000,182324.55561000
1543622400,1543708799,32.19000000,35.10000000,31.38000000,34.17000000,130601.17527000
1543708800,1543795199,34.11000000,35.24000000,33.21000000,33.82000000,126562.51308000
1543795200,1543881599,33.81000000,33.97000000,30.08000000,30.90000000,160953.47619000
1543881600,1543967999,30.92000000,32.25000000,29.87000000,31.13000000,125624.10065000
1543968000,1544054399,31.14000000,31.40000000,29.15000000,29.27000000,122536.95919000
1544054400,1544140799,29.28000000,30.49000000,26.25000000,26.78000000,186020.52870000
1544140800,1544227199,26.74000000,26.94000000,22.32000000,24.91000000,344334.77132000
1544227200,1544313599,24.88000000,26.63000000,22.89000000,24.22000000,272026.24012000
1544313600,1544399999,24.23000000,26.75000000,24.20000000,25.37000000,185392.27774000
1544400000,1544486399,25.37000000,25.82000000,23.67000000,24.14000000,159523.33390000
1544486400,1544572799,24.15000000,24.63000000,22.94000000,23.41000000,116912.31068000
1544572800,1544659199,23.40000000,24.98000000,23.20000000,24.13000000,116697.01621000
1544659200,1544745599,24.13000000,24.29000000,22.91000000,23.08000000,101343.24553000
1544745600,1544831999,23.06000000,23.76000000,22.50000000,23.34000000,115451.19357000
1544832000,1544918399,23.33000000,24.06000000,23.09000000,23.60000000,114346.73652000
1544918400,1545004799,23.59000000,26.96000000,23.48000000,25.52000000,284638.36643000
1545004800,1545091199,25.51000000,30.30000000,25.43000000,28.95000000,415677.55009000
1545091200,1545177599,28.97000000,30.15000000,27.39000000,29.89000000,241540.21994000
1545177600,1545263999,29.89000000,31.55000000,28.51000000,28.83000000,464104.88134000
1545264000,1545350399,28.83000000,32.76000000,28.52000000,32.18000000,347428.50187000
1545350400,1545436799,32.18000000,32.87000000,29.55000000,30.29000000,222927.66345000
1545436800,1545523199,30.29000000,31.49000000,29.70000000,31.33000000,106033.33577000
1545523200,1545609599,31.29000000,33.84000000,31.09000000,32.97000000,255561.72891000
1545609600,1545695999,32.98000000,36.12000000,32.17000000,32.68000000,305504.74498000
1545696000,1545782399,32.69000000,32.93000000,29.19000000,30.50000000,248993.55556000
1545782400,1545868799,30.50000000,31.68000000,28.79000000,30.30000000,174048.04136000
1545868800,1545955199,30.27000000,30.89000000,27.17000000,27.55000000,157817.22611000
1545955200,1546041599,27.55000000,33.08000000,27.39000000,31.80000000,242123.89750000
1546041600,1546127999,31.78000000,32.81000000,29.91000000,30.28000000,222196.85698000
1546128000,1546214399,30.28000000,32.00000000,29.68000000,31.38000000,151572.93045000
1546214400,1546300799,31.38000000,31.43000000,29.42000000,29.90000000,97446.11241000
1546300800,1546387199,29.92000000,31.80000000,29.56000000,31.48000000,103182.73765000
1546387200,1546473599,31.47000000,33.29000000,31.07000000,32.67000000,118306.23317000
1546473600,1546559999,32.68000000,32.80000000,30.62000000,31.39000000,94129.85114000
1546560000,1546646399,31.41000000,32.53000000,30.78000000,31.76000000,108636.82193000
1546646400,1546732799,31.76000000,35.95000000,31.76000000,34.33000000,335581.55848000
1546732800,1546819199,34.33000000,39.71000000,33.89000000,38.30000000,761396.10676000
1546819200,1546905599,38.29000000,39.04000000,36.53000000,37.35000000,444975.92431000
1546905600,1546991999,37.35000000,40.80000000,36.91000000,38.70000000,522510.17142000
1546992000,1547078399,38.70000000,39.72000000,38.00000000,38.17000000,312030.13021000
1547078400,1547164799,38.17000000,38.77000000,31.00000000,32.81000000,584622.45390000
1547164800,1547251199,32.81000000,33.22000000,29.68000000,31.49000000,351182.38165000
1547251200,1547337599,31.48000000,32.13000000,31.07000000,31.65000000,178476.28718000
1547337600,1547423999,31.65000000,32.63000000,29.12000000,29.59000000,229264.11927000
1547424000,1547510399,29.60000000,32.50000000,29.38000000,31.71000000,255282.35801000
1547510400,1547596799,31.72000000,32.27000000,29.95000000,30.75000000,216841.86085000
1547596800,1547683199,30.74000000,31.93000000,30.47000000,31.29000000,153939.59622000
1547683200,1547769599,31.29000000,31.55000000,29.80000000,31.40000000,203218.00286000
1547769600,1547855999,31.38000000,31.53000000,30.31000000,30.77000000,150711.34444000
1547856000,1547942399,30.78000000,32.92000000,30.77000000,32.00000000,164989.63668000
1547942400,1548028799,31.94000000,33.20000000,28.45000000,30.64000000,249450.00408000
1548028800,1548115199,30.63000000,31.22000000,30.34000000,30.82000000,110305.75866000
1548115200,1548201599,30.82000000,32.00000000,29.48000000,31.41000000,199887.16257000
1548201600,1548287999,31.40000000,32.18000000,31.24000000,31.69000000,123577.27232000
1548288000,1548374399,31.69000000,33.10000000,30.89000000,32.51000000,138812.16216000
1548374400,1548460799,32.52000000,33.00000000,31.87000000,32.69000000,169242.53382000
1548460800,1548547199,32.68000000,33.95000000,32.57000000,32.80000000,166677.42808000
1548547200,1548633599,32.79000000,33.20000000,31.05000000,32.21000000,173697.81998000
1548633600,1548719999,32.22000000,32.53000000,30.00000000,30.94000000,267887.62942000
1548720000,1548806399,30.94000000,31.26000000,29.91000000,30.81000000,135879.85880000
1548806400,1548892799,30.80000000,31.97000000,30.47000000,31.68000000,129114.99705000
1548892800,1548979199,31.68000000,32.33000000,31.08000000,31.41000000,154708.17427000
1548979200,1549065599,31.43000000,33.64000000,30.70000000,32.65000000,335544.96445000
1549065600,1549151999,32.61000000,35.01000000,32.44000000,34.59000000,268052.52354000
1549152000,1549238399,34.59000000,34.89000000,32.86000000,33.44000000,348406.73224000
1549238400,1549324799,33.43000000,34.50000000,33.36000000,34.09000000,206649.66902000
1549324800,1549411199,34.08000000,34.54000000,33.63000000,34.34000000,214319.34235000
1549411200,1549497599,34.35000000,34.50000000,32.25000000,32.79000000,312456.54201000
1549497600,1549583999,32.78000000,33.61000000,32.73000000,33.24000000,144528.08084000
1549584000,1549670399,33.23000000,44.85000000,32.75000000,42.99000000,1237384.07012000
1549670400,1549756799,42.99000000,46.95000000,42.05000000,44.68000000,993529.35851000
1549756800,1549843199,44.68000000,47.59000000,42.00000000,46.79000000,667594.46229000
1549843200,1549929599,46.80000000,46.87000000,41.81000000,42.90000000,570398.48991000
1549929600,1550015999,42.88000000,44.57000000,41.84000000,43.89000000,326731.55801000
1550016000,1550102399,43.89000000,44.66000000,40.64000000,41.61000000,333914.84326000
1550102400,1550188799,41.61000000,42.45000000,40.31000000,41.26000000,285144.93739000
1550188800,1550275199,41.26000000,44.60000000,41.06000000,42.58000000,389950.95213000
1550275200,1550361599,42.60000000,44.37000000,42.28000000,43.34000000,326691.70793000
1550361600,1550447999,43.34000000,45.13000000,42.60000000,43.91000000,331698.79603000
1550448000,1550534399,43.89000000,49.03000000,43.62000000,47.84000000,744029.87121000
1550534400,1550620799,47.81000000,49.10000000,46.56000000,47.14000000,404786.75784000
1550620800,1550707199,47.16000000,52.21000000,46.25000000,51.50000000,566874.12073000
1550707200,1550793599,51.47000000,51.65000000,47.35000000,48.94000000,383781.90032000
1550793600,1550879999,48.93000000,49.97000000,48.08000000,49.19000000,265979.43489000
1550880000,1550966399,49.22000000,51.88000000,48.00000000,51.40000000,411115.33830000
1550966400,1551052799,51.39000000,53.53000000,42.37000000,43.75000000,685277.01608000
1551052800,1551139199,43.74000000,46.85000000,43.00000000,45.40000000,377273.17275000
1551139200,1551225599,45.40000000,45.89000000,44.06000000,44.76000000,220101.55494000
1551225600,1551311999,44.77000000,45.53000000,42.51000000,45.16000000,223940.94505000
1551312000,1551398399,45.15000000,46.70000000,44.44000000,45.61000000,258562.96779000
1551398400,1551484799,45.62000000,48.95000000,45.53000000,47.05000000,336011.92294000
1551484800,1551571199,47.02000000,49.40000000,46.38000000,48.49000000,325733.94735000
1551571200,1551657599,48.51000000,49.10000000,47.18000000,47.86000000,218511.99396000
1551657600,1551743999,47.87000000,48.22000000,44.57000000,45.78000000,306985.27977000
1551744000,1551830399,45.78000000,54.25000000,45.38000000,52.52000000,798938.10368000
1551830400,1551916799,52.52000000,56.81000000,51.11000000,55.37000000,670227.49403000
1551916800,1552003199,55.37000000,59.12000000,53.77000000,56.73000000,816612.77049000
1552003200,1552089599,56.73000000,57.60000000,54.30000000,55.61000000,440480.65904000
1552089600,1552175999,55.58000000,59.83000000,55.38000000,57.78000000,413625.10436000
1552176000,1552262399,57.78000000,58.04000000,55.84000000,56.59000000,198932.23727000
1552262400,1552348799,56.63000000,57.37000000,54.00000000,54.82000000,319640.84363000
1552348800,1552435199,54.82000000,56.96000000,53.72000000,56.58000000,186798.97334000
1552435200,1552521599,56.60000000,56.84000000,54.30000000,55.29000000,234206.35923000
1552521600,1552607999,55.29000000,58.20000000,51.66000000,55.94000000,333686.39631000
1552608000,1552694399,55.94000000,59.15000000,55.94000000,58.52000000,295307.77677000
1552694400,1552780799,58.52000000,61.97000000,58.41000000,61.21000000,375314.79266000
1552780800,1552867199,61.22000000,61.32000000,59.57000000,60.47000000,174833.31913000
1552867200,1552953599,60.47000000,62.63000000,58.20000000,59.17000000,301146.21398000
1552953600,1553039999,59.20000000,59.96000000,58.33000000,59.52000000,221995.59833000
1553040000,1553126399,59.50000000,60.74000000,56.64000000,60.27000000,285413.79340000
1553126400,1553212799,60.29000000,60.64000000,56.98000000,58.54000000,164946.60535000
1553212800,1553299199,58.54000000,59.60000000,58.00000000,59.26000000,184427.33587000
1553299200,1553385599,59.23000000,61.76000000,58.93000000,60.89000000,372961.54781000
1553385600,1553471999,60.88000000,60.90000000,58.84000000,59.82000000,360926.15706000
1553472000,1553558399,59.81000000,60.70000000,58.20000000,59.04000000,216703.66968000
1553558400,1553644799,59.06000000,59.35000000,57.23000000,58.79000000,175752.00925000
1553644800,1553731199,58.81000000,61.87000000,58.58000000,61.44000000,260971.73061000
1553731200,1553817599,61.43000000,61.43000000,60.15000000,60.50000000,160785.54618000
1553817600,1553903999,60.48000000,61.80000000,60.15000000,61.45000000,200422.34535000
1553904000,1553990399,61.41000000,61.56000000,59.59000000,60.45000000,161304.26128000
1553990400,1554076799,60.45000000,60.72000000,59.83000000,60.48000000,120015.86005000
1554076800,1554163199,60.47000000,60.90000000,59.62000000,60.45000000,129238.66121000
1554163200,1554249599,60.45000000,78.40000000,59.95000000,76.78000000,805505.16575000
1554249600,1554335999,76.76000000,98.50000000,76.24000000,85.19000000,1514710.29313000
1554336000,1554422399,85.02000000,89.85000000,79.85000000,84.70000000,775702.67217000
1554422400,1554508799,84.71000000,89.85000000,83.65000000,88.24000000,366668.99563000
1554508800,1554595199,88.24000000,97.54000000,85.00000000,92.21000000,706789.23459000
1554595200,1554681599,92.23000000,95.44000000,88.74000000,91.55000000,404878.13429000
1554681600,1554767999,91.55000000,94.00000000,85.20000000,88.57000000,439909.33843000
1554768000,1554854399,88.57000000,88.71000000,82.61000000,86.17000000,317748.78519000
1554854400,1554940799,86.19000000,91.10000000,85.91000000,88.16000000,315727.23676000
1554940800,1555027199,88.16000000,88.45000000,74.64000000,78.88000000,663804.98498000
1555027200,1555113599,78.90000000,80.43000000,75.00000000,78.47000000,351092.11924000
1555113600,1555199999,78.43000000,81.02000000,75.51000000,77.62000000,276710.71090000
1555200000,1555286399,77.58000000,83.60000000,76.09000000,83.28000000,242418.41303000
1555286400,1555372799,83.31000000,84.41000000,75.00000000,78.07000000,437925.65449000
1555372800,1555459199,78.06000000,81.49000000,76.88000000,80.27000000,295134.17728000
1555459200,1555545599,80.27000000,81.50000000,78.00000000,78.77000000,232336.81062000
1555545600,1555631999,78.82000000,83.66000000,78.74000000,81.68000000,328509.77037000
1555632000,1555718399,81.67000000,83.17000000,79.48000000,82.05000000,265365.49383000
1555718400,1555804799,82.05000000,82.69000000,79.33000000,81.15000000,209481.54759000
1555804800,1555891199,81.16000000,81.85000000,72.86000000,76.65000000,405449.35652000
1555891200,1555977599,76.61000000,77.63000000,74.90000000,76.51000000,285737.83886000
1555977600,1556063999,76.47000000,79.29000000,73.33000000,73.70000000,408341.22655000
1556064000,1556150399,73.67000000,74.69000000,69.90000000,72.85000000,466422.90922000
1556150400,1556236799,72.85000000,74.43000000,70.60000000,71.78000000,307408.70386000
1556236800,1556323199,71.79000000,76.50000000,70.31000000,73.82000000,345014.87676000
1556323200,1556409599,73.83000000,74.01000000,71.83000000,72.23000000,102336.98217000
1556409600,1556495999,72.24000000,72.72000000,68.95000000,69.89000000,218635.58959000
1556496000,1556582399,69.89000000,70.37000000,66.50000000,67.87000000,203603.18601000
1556582400,1556668799,67.86000000,74.74000000,67.86000000,74.32000000,354469.13538000
1556668800,1556755199,74.31000000,75.36000000,71.78000000,73.36000000,273831.04765000
1556755200,1556841599,73.35000000,74.42000000,72.73000000,73.68000000,289626.45366000
1556841600,1556927999,73.65000000,80.58000000,73.31000000,79.22000000,538448.40523000
1556928000,1557014399,79.26000000,82.76000000,74.54000000,77.77000000,457004.01484000
1557014400,1557100799,77.73000000,78.16000000,75.40000000,75.70000000,236821.31245000
1557100800,1557187199,75.70000000,76.91000000,71.64000000,74.94000000,389445.48037000
1557187200,1557273599,74.95000000,78.75000000,73.40000000,74.61000000,357677.92795000
1557273600,1557359999,74.59000000,75.50000000,72.40000000,74.44000000,206081.78548000
1557360000,1557446399,74.44000000,75.90000000,72.77000000,74.19000000,240477.43667000
1557446400,1557532799,74.18000000,79.61000000,72.66000000,77.11000000,422915.92520000
1557532800,1557619199,77.12000000,95.00000000,76.85000000,86.59000000,909602.12694000
1557619200,1557705599,86.59000000,94.01000000,83.00000000,84.73000000,797262.85973000
1557705600,1557791999,84.71000000,92.49000000,84.10000000,87.16000000,627311.35573000
1557792000,1557878399,87.34000000,93.61000000,86.50000000,91.17000000,644139.06467000
1557878400,1557964799,91.15000000,104.25000000,89.69000000,102.02000000,673429.92612000
1557964800,1558051199,102.03000000,107.14000000,90.73000000,95.49000000,1179885.10784000
1558051200,1558137599,95.49000000,97.48000000,84.27000000,89.76000000,914179.22548000
1558137600,1558223999,89.76000000,90.51000000,85.11000000,86.51000000,380542.14297000
1558224000,1558310399,86.55000000,96.81000000,86.07000000,94.58000000,584649.51759000
1558310400,1558396799,94.55000000,94.58000000,87.11000000,91.10000000,447735.71615000
1558396800,1558483199,91.10000000,93.02000000,88.83000000,90.79000000,335538.23309000
1558483200,1558569599,90.77000000,92.04000000,85.83000000,87.74000000,308520.29109000
1558569600,1558655999,87.74000000,89.53000000,84.62000000,88.61000000,208332.29525000
1558656000,1558742399,88.67000000,103.77000000,88.01000000,100.50000000,832985.16125000
1558742400,1558828799,100.50000000,105.07000000,98.87000000,102.66000000,519802.98950000
1558828800,1558915199,102.66000000,114.00000000,97.50000000,111.00000000,658431.91144000
1558915200,1559001599,111.03000000,121.89000000,109.94000000,116.30000000,873684.89847000
1559001600,1559087999,116.41000000,118.22000000,111.08000000,114.81000000,399902.25403000
1559088000,1559174399,114.87000000,118.33000000,108.00000000,115.06000000,359489.09796000
1559174400,1559260799,115.03000000,120.35000000,102.40000000,107.78000000,708618.82450000
1559260800,1559347199,107.78000000,114.93000000,104.55000000,114.60000000,487341.72799000
1559347200,1559433599,114.65000000,116.28000000,110.51000000,112.35000000,318759.84041000
1559433600,1559519999,112.34000000,116.48000000,111.25000000,114.39000000,234192.23299000
1559520000,1559606399,114.44000000,116.20000000,105.01000000,105.99000000,441610.78458000
1559606400,1559692799,105.94000000,106.80000000,98.13000000,102.20000000,673951.14145000
1559692800,1559779199,102.20000000,105.21000000,100.11000000,103.66000000,379894.44483000
1559779200,1559865599,103.61000000,112.07000000,101.00000000,111.19000000,488905.21588000
1559865600,1559951999,111.25000000,121.00000000,109.53000000,116.71000000,619792.48983000
1559952000,1560038399,116.74000000,119.70000000,113.50000000,118.01000000,454621.75369000
1560038400,1560124799,118.01000000,118.94000000,111.02000000,114.66000000,425246.36749000
1560124800,1560211199,114.66000000,130.12000000,112.54000000,129.15000000,793211.22328000
1560211200,1560297599,129.19000000,138.56000000,124.85000000,135.69000000,836034.97354000
1560297600,1560383999,135.79000000,143.19000000,129.86000000,135.32000000,1015972.92864000
1560384000,1560470399,135.32000000,136.52000000,127.92000000,130.55000000,477007.30523000
1560470400,1560556799,130.55000000,133.03000000,125.22000000,132.00000000,460272.62793000
1560556800,1560643199,132.03000000,139.50000000,132.01000000,137.54000000,389908.37623000
1560643200,1560729599,137.51000000,138.20000000,133.15000000,136.45000000,392560.10493000
1560729600,1560815999,136.42000000,136.82000000,131.53000000,133.80000000,302485.50097000
1560816000,1560902399,133.80000000,136.84000000,128.00000000,135.22000000,400995.83149000
1560902400,1560988799,135.25000000,139.50000000,133.50000000,136.43000000,373850.88301000
1560988800,1561075199,136.41000000,136.75000000,133.00000000,135.46000000,236819.61409000
1561075200,1561161599,135.45000000,141.29000000,131.00000000,138.28000000,392390.97750000
1561161600,1561247999,138.30000000,145.90000000,136.01000000,142.26000000,670112.19411000
1561248000,1561334399,142.20000000,143.34000000,136.15000000,137.50000000,273142.66174000
1561334400,1561420799,137.50000000,137.52000000,132.65000000,135.77000000,269137.08964000
1561420800,1561507199,135.78000000,138.63000000,129.75000000,136.33000000,343042.31826000
1561507200,1561593599,136.32000000,138.50000000,127.50000000,132.25000000,659208.45477000
1561593600,1561679999,132.24000000,133.50000000,111.82000000,116.01000000,932158.03694000
1561680000,1561766399,116.02000000,122.19000000,114.49000000,120.01000000,455587.96464000
1561766400,1561852799,119.99000000,137.00000000,116.00000000,133.86000000,650966.52780000
1561852800,1561939199,133.88000000,137.44000000,120.54000000,123.25000000,808645.44775000
1561939200,1562025599,123.22000000,127.03000000,113.82000000,123.17000000,612063.25919000
1562025600,1562111999,123.16000000,124.00000000,112.63000000,118.77000000,469582.08700000
1562112000,1562198399,118.74000000,123.15000000,116.78000000,121.36000000,365008.06750000
1562198400,1562284799,121.34000000,127.03000000,118.51000000,119.61000000,375062.74273000
1562284800,1562371199,119.64000000,120.99000000,116.22000000,118.35000000,223608.71264000
1562371200,1562457599,118.29000000,121.80000000,117.06000000,118.31000000,153816.69797000
1562457600,1562543999,118.28000000,120.35000000,117.00000000,119.48000000,142378.61429000
1562544000,1562630399,119.48000000,125.07000000,117.77000000,122.92000000,219116.92194000
1562630400,1562716799,122.92000000,124.08000000,117.64000000,119.24000000,233440.12041000
1562716800,1562803199,119.23000000,120.13000000,102.50000000,108.31000000,507821.30862000
1562803200,1562889599,108.29000000,108.33000000,95.21000000,102.98000000,566917.40666000
1562889600,1562975999,103.00000000,107.02000000,100.65000000,104.86000000,204977.52431000
1562976000,1563062399,104.86000000,105.03000000,97.64000000,101.03000000,229252.96129000
1563062400,1563148799,101.06000000,101.90000000,87.58000000,89.66000000,429594.96949000
1563148800,1563235199,89.67000000,92.99000000,84.60000000,90.43000000,382169.24803000
1563235200,1563321599,90.43000000,91.91000000,76.60000000,79.61000000,483565.93207000
1563321600,1563407999,79.62000000,94.65000000,71.00000000,89.95000000,611125.08258000
1563408000,1563494399,89.98000000,104.50000000,86.87000000,101.16000000,609872.10131000
1563494400,1563580799,101.15000000,101.26000000,94.73000000,98.23000000,366646.23978000
1563580800,1563667199,98.25000000,105.88000000,97.42000000,100.25000000,355926.02335000
1563667200,1563753599,100.26000000,101.41000000,96.40000000,99.70000000,247121.43139000
1563753600,1563839999,99.74000000,100.91000000,91.14000000,95.31000000,318533.96014000
1563840000,1563926399,95.31000000,95.35000000,88.62000000,90.15000000,264516.21574000
1563926400,1564012799,90.10000000,97.45000000,86.80000000,94.50000000,355813.08830000
1564012800,1564099199,94.43000000,96.67000000,91.06000000,93.22000000,228403.48379000
1564099200,1564185599,93.23000000,94.52000000,89.83000000,94.06000000,169220.32033000
1564185600,1564271999,94.01000000,96.09000000,86.67000000,88.79000000,250915.24992000
1564272000,1564358399,88.83000000,90.90000000,83.13000000,90.00000000,201075.77208000
1564358400,1564444799,90.00000000,92.26000000,87.48000000,90.33000000,233655.44074000
1564444800,1564531199,90.33000000,92.71000000,88.50000000,90.15000000,166817.93325000
1564531200,1564617599,90.12000000,99.95000000,89.81000000,98.76000000,280442.01907000
1564617600,1564703999,98.77000000,100.59000000,95.23000000,98.64000000,256621.80027000
1564704000,1564790399,98.62000000,98.77000000,92.52000000,94.76000000,284902.02673000
1564790400,1564876799,94.80000000,96.70000000,93.51000000,94.17000000,187442.26636000
1564876800,1564963199,94.15000000,94.80000000,90.11000000,92.64000000,210063.34433000
1564963200,1565049599,92.68000000,106.77000000,92.68000000,96.56000000,708024.73305000
1565049600,1565135999,96.56000000,99.32000000,91.00000000,92.99000000,370218.49667000
1565136000,1565222399,93.05000000,94.45000000,87.36000000,90.59000000,298275.75612000
1565222400,1565308799,90.59000000,92.75000000,87.72000000,90.15000000,227275.85013000
1565308800,1565395199,90.08000000,90.45000000,82.64000000,84.24000000,245919.98030000
1565395200,1565481599,84.25000000,87.50000000,82.27000000,85.46000000,243663.59097000
1565481600,1565567999,85.46000000,91.57000000,85.15000000,89.93000000,196951.40228000
1565568000,1565654399,89.99000000,90.04000000,85.45000000,85.79000000,147573.87933000
1565654400,1565740799,85.79000000,86.79000000,83.26000000,84.88000000,166783.80957000
1565740800,1565827199,84.83000000,86.32000000,75.00000000,75.90000000,310895.41050000
1565827200,1565913599,75.91000000,77.70000000,74.36000000,76.25000000,157703.32106000
1565913600,1565999999,76.24000000,76.42000000,72.34000000,74.67000000,186709.02728000
1566000000,1566086399,74.63000000,75.35000000,71.50000000,72.65000000,131039.84431000
1566086400,1566172799,72.64000000,78.00000000,71.40000000,76.25000000,171800.85253000
1566172800,1566259199,76.31000000,78.95000000,75.36000000,77.10000000,176507.93997000
1566259200,1566345599,77.10000000,77.30000000,73.31000000,75.14000000,130580.76909000
1566345600,1566431999,75.13000000,75.33000000,70.14000000,73.27000000,188740.48706000
1566432000,1566518399,73.18000000,74.64000000,71.00000000,73.31000000,159575.08558000
1566518400,1566604799,73.38000000,75.92000000,72.10000000,75.38000000,138535.90048000
1566604800,1566691199,75.37000000,75.65000000,71.39000000,73.32000000,119841.86721000
1566691200,1566777599,73.32000000,74.93000000,70.56000000,72.10000000,143368.07877000
1566777600,1566863999,72.12000000,75.46000000,72.09000000,73.54000000,186459.72505000
1566864000,1566950399,73.59000000,73.75000000,72.13000000,72.90000000,92746.01751000
1566950400,1567036799,72.88000000,73.14000000,65.00000000,66.73000000,295837.67734000
1567036800,1567123199,66.73000000,66.77000000,62.00000000,63.59000000,206167.47861000
1567123200,1567209599,63.55000000,65.60000000,62.16000000,64.17000000,188503.14428000
1567209600,1567295999,64.18000000,65.39000000,62.25000000,64.24000000,148167.15877000
1567296000,1567382399,64.23000000,67.21000000,63.74000000,65.89000000,160452.85757000
1567382400,1567468799,65.85000000,68.03000000,64.80000000,66.92000000,210648.66087000
1567468800,1567555199,66.92000000,71.00000000,66.47000000,69.06000000,286130.47957000
1567555200,1567641599,69.00000000,69.24000000,66.40000000,67.01000000,219846.13540000
1567641600,1567727999,67.02000000,67.39000000,64.14000000,65.23000000,166569.36182000
1567728000,1567814399,65.24000000,68.00000000,63.54000000,64.87000000,278618.16432000
1567814400,1567900799,64.88000000,70.57000000,64.53000000,68.77000000,305501.47722000
1567900800,1567987199,68.77000000,71.46000000,68.00000000,70.36000000,315059.92831000
1567987200,1568073599,70.36000000,71.38000000,67.73000000,69.89000000,229275.26659000
1568073600,1568159999,69.86000000,73.10000000,69.77000000,70.85000000,315598.33706000
1568160000,1568246399,70.85000000,71.81000000,68.25000000,69.80000000,208744.34146000
1568246400,1568332799,69.80000000,70.00000000,68.30000000,69.15000000,135570.08885000
1568332800,1568419199,69.18000000,69.58000000,67.36000000,68.93000000,156416.29244000
1568419200,1568505599,68.93000000,71.50000000,68.20000000,70.50000000,179064.87019000
1568505600,1568591999,70.49000000,71.28000000,69.50000000,70.04000000,123157.58776000
1568592000,1568678399,70.04000000,73.67000000,69.36000000,72.63000000,267731.58165000
1568678400,1568764799,72.67000000,77.59000000,72.15000000,74.04000000,331820.84685000
1568764800,1568851199,74.06000000,80.30000000,73.98000000,77.81000000,463500.72712000
1568851200,1568937599,77.77000000,80.90000000,72.62000000,76.56000000,516227.12489000
1568937600,1569023999,76.56000000,77.08000000,72.78000000,75.05000000,286151.47725000
1569024000,1569110399,75.06000000,75.58000000,72.06000000,73.22000000,211641.79197000
1569110400,1569196799,73.20000000,73.22000000,71.03000000,72.23000000,219392.15857000
1569196800,1569283199,72.26000000,74.24000000,61.88000000,66.54000000,527501.79121000
1569283200,1569369599,66.54000000,67.42000000,54.07000000,54.57000000,987995.23380000
1569369600,1569455999,54.57000000,58.34000000,52.84000000,57.43000000,781318.26507000
1569456000,1569542399,57.48000000,57.56000000,50.30000000,55.19000000,630061.90746000
1569542400,1569628799,55.17000000,56.61000000,52.61000000,55.86000000,390379.87374000
1569628800,1569715199,55.86000000,56.16000000,53.67000000,55.37000000,258783.39518000
1569715200,1569801599,55.38000000,55.58000000,52.13000000,53.82000000,227546.40106000
1569801600,1569887999,53.84000000,56.25000000,52.46000000,55.99000000,369529.68787000
1569888000,1569974399,56.01000000,57.60000000,54.82000000,55.63000000,333581.15687000
1569974400,1570060799,55.59000000,56.66000000,55.13000000,56.23000000,215424.38457000
1570060800,1570147199,56.28000000,57.07000000,53.62000000,56.44000000,253310.60723000
1570147200,1570233599,56.45000000,57.50000000,55.22000000,56.30000000,247275.45318000
1570233600,1570319999,56.30000000,57.40000000,55.57000000,56.69000000,177602.10058000
1570320000,1570406399,56.69000000,56.80000000,52.73000000,54.41000000,259829.37559000
1570406400,1570492799,54.42000000,58.65000000,53.25000000,57.46000000,314689.40497000
1570492800,1570579199,57.46000000,58.45000000,56.47000000,56.94000000,184201.79637000
1570579200,1570665599,56.92000000,60.06000000,56.60000000,59.12000000,344098.90670000
1570665600,1570751999,59.10000000,59.33000000,57.00000000,57.47000000,215031.29392000
1570752000,1570838399,57.48000000,58.42000000,55.33000000,55.85000000,266818.06740000
1570838400,1570924799,55.85000000,56.50000000,55.41000000,55.70000000,101685.84465000
1570924800,1571011199,55.71000000,57.69000000,55.47000000,56.46000000,157772.38785000
1571011200,1571097599,56.44000000,57.10000000,55.94000000,56.83000000,133434.14038000
1571097600,1571183999,56.83000000,57.39000000,53.40000000,54.58000000,332451.21390000
1571184000,1571270399,54.57000000,55.39000000,51.00000000,52.45000000,299556.40107000
1571270400,1571356799,52.45000000,55.22000000,51.57000000,54.94000000,238776.40360000
1571356800,1571443199,54.95000000,55.01000000,52.19000000,53.21000000,213517.39011000
1571443200,1571529599,53.21000000,54.16000000,52.54000000,53.72000000,152610.00837000
1571529600,1571615999,53.72000000,55.46000000,52.58000000,54.85000000,208172.70191000
1571616000,1571702399,54.85000000,55.74000000,53.67000000,54.57000000,208464.19325000
1571702400,1571788799,54.57000000,55.09000000,52.97000000,53.39000000,159956.49835000
1571788800,1571875199,53.38000000,53.44000000,47.10000000,49.50000000,509593.26474000
1571875200,1571961599,49.48000000,50.32000000,48.30000000,49.54000000,308330.52196000
1571961600,1572047999,49.55000000,58.70000000,49.01000000,56.93000000,761473.61477000
1572048000,1572134399,56.94000000,63.37000000,54.14000000,56.71000000,1041416.04901000
1572134400,1572220799,56.69000000,62.85000000,55.59000000,59.78000000,661079.75268000
1572220800,1572307199,59.79000000,62.47000000,57.40000000,57.70000000,540004.69723000
1572307200,1572393599,57.70000000,60.75000000,57.65000000,59.75000000,401424.23907000
1572393600,1572479999,59.76000000,61.05000000,56.88000000,57.89000000,341531.28519000
1572480000,1572566399,57.90000000,59.56000000,57.01000000,58.29000000,269103.33623000
1572566400,1572652799,58.29000000,58.80000000,56.68000000,58.23000000,221222.32940000
